name,base_total,generation,img,type1,type2,is_starter,is_legendary,is_pseudo_legendary,is_fossil,against_normal,against_fighting,against_flying,against_poison,against_ground,against_rock,against_bug,against_ghost,against_steel,against_fire,against_water,against_grass,against_electric,against_psychic,against_ice,against_dragon,against_dark,against_fairy
venusaur,525,1,https://img.pokemondb.net/sprites/scarlet-violet/icon/venusaur.png,grass,poison,1,0,0,0,1.0,0.5,2.0,1.0,1.0,1.0,1.0,1.0,1.0,2.0,0.5,0.25,0.5,2.0,2.0,1.0,1.0,0.5
charizard,534,1,https://img.pokemondb.net/sprites/scarlet-violet/icon/charizard.png,fire,flying,1,0,0,0,1.0,0.5,1.0,1.0,0.0,4.0,0.25,1.0,0.5,0.5,2.0,0.25,2.0,1.0,1.0,1.0,1.0,0.5
blastoise,530,1,https://img.pokemondb.net/sprites/scarlet-violet/icon/blastoise.png,water,,1,0,0,0,1.0,1.0,1.0,1.0,1.0,1.0,1.0,1.0,0.5,0.5,0.5,2.0,2.0,1.0,0.5,1.0,1.0,1.0
beedrill,395,1,https://img.pokemondb.net/sprites/scarlet-violet/icon/beedrill.png,bug,poison,0,0,0,0,1.0,0.25,2.0,0.5,1.0,2.0,0.5,1.0,1.0,2.0,1.0,0.25,1.0,2.0,1.0,1.0,1.0,0.5
pidgeot,479,1,https://img.pokemondb.net/sprites/scarlet-violet/icon/pidgeot.png,normal,flying,0,0,0,0,1.0,1.0,1.0,1.0,0.0,2.0,0.5,0.0,1.0,1.0,1.0,0.5,2.0,1.0,2.0,1.0,1.0,1.0
arbok,448,1,https://img.pokemondb.net/sprites/scarlet-violet/icon/arbok.png,poison,,0,0,0,0,1.0,0.5,1.0,0.5,2.0,1.0,0.5,1.0,1.0,1.0,1.0,0.5,1.0,2.0,1.0,1.0,1.0,0.5
pikachu,320,1,https://img.pokemondb.net/sprites/scarlet-violet/icon/pikachu.png,electric,,0,0,0,0,1.0,1.0,0.5,1.0,2.0,1.0,1.0,1.0,0.5,1.0,1.0,1.0,0.5,1.0,1.0,1.0,1.0,1.0
raichu,485,1,https://img.pokemondb.net/sprites/scarlet-violet/icon/raichu.png,electric,,0,0,0,0,1.0,1.0,0.5,1.0,2.0,1.0,1.0,1.0,0.5,1.0,1.0,1.0,0.5,1.0,1.0,1.0,1.0,1.0
alolan raichu,485,1,https://img.pokemondb.net/sprites/scarlet-violet/icon/raichu-alolan.png,electric,psychic,0,0,0,0,1.0,0.5,0.5,1.0,2.0,1.0,2.0,2.0,0.5,1.0,1.0,1.0,0.5,0.5,1.0,1.0,2.0,1.0
clefable,483,1,https://img.pokemondb.net/sprites/scarlet-violet/icon/clefable.png,fairy,,0,0,0,0,1.0,0.5,1.0,2.0,1.0,1.0,0.5,1.0,2.0,1.0,1.0,1.0,1.0,1.0,1.0,0.0,0.5,1.0
ninetales,505,1,https://img.pokemondb.net/sprites/scarlet-violet/icon/ninetales.png,fire,,0,0,0,0,1.0,1.0,1.0,1.0,2.0,2.0,0.5,1.0,0.5,0.5,2.0,0.5,1.0,1.0,0.5,1.0,1.0,0.5
alolan ninetales,505,1,https://img.pokemondb.net/sprites/scarlet-violet/icon/ninetales-alolan.png,ice,fairy,0,0,0,0,1.0,1.0,1.0,2.0,1.0,2.0,0.5,1.0,4.0,2.0,1.0,1.0,1.0,1.0,0.5,0.0,0.5,1.0
vileplume,490,1,https://img.pokemondb.net/sprites/scarlet-violet/icon/vileplume.png,grass,poison,0,0,0,0,1.0,0.5,2.0,1.0,1.0,1.0,1.0,1.0,1.0,2.0,0.5,0.25,0.5,2.0,2.0,1.0,1.0,0.5
arcanine,555,1,https://img.pokemondb.net/sprites/scarlet-violet/icon/arcanine.png,fire,,0,0,0,0,1.0,1.0,1.0,1.0,2.0,2.0,0.5,1.0,0.5,0.5,2.0,0.5,1.0,1.0,0.5,1.0,1.0,0.5
hisuian arcanine,555,1,https://img.pokemondb.net/sprites/scarlet-violet/icon/arcanine-hisuian.png,fire,rock,0,0,0,0,0.5,2.0,0.5,0.5,4.0,2.0,0.5,1.0,1.0,0.25,4.0,1.0,1.0,1.0,0.5,1.0,1.0,0.5
alakazam,500,1,https://img.pokemondb.net/sprites/scarlet-violet/icon/alakazam.png,psychic,,0,0,0,0,1.0,0.5,1.0,1.0,1.0,1.0,2.0,2.0,1.0,1.0,1.0,1.0,1.0,0.5,1.0,1.0,2.0,1.0
machamp,505,1,https://img.pokemondb.net/sprites/scarlet-violet/icon/machamp.png,fighting,,0,0,0,0,1.0,1.0,2.0,1.0,1.0,0.5,0.5,1.0,1.0,1.0,1.0,1.0,1.0,2.0,1.0,1.0,0.5,2.0
victreebel,490,1,https://img.pokemondb.net/sprites/scarlet-violet/icon/victreebel.png,grass,poison,0,0,0,0,1.0,0.5,2.0,1.0,1.0,1.0,1.0,1.0,1.0,2.0,0.5,0.25,0.5,2.0,2.0,1.0,1.0,0.5
slowbro,490,1,https://img.pokemondb.net/sprites/scarlet-violet/icon/slowbro.png,water,psychic,0,0,0,0,1.0,0.5,1.0,1.0,1.0,1.0,2.0,2.0,0.5,0.5,0.5,2.0,2.0,0.5,0.5,1.0,2.0,1.0
galarian slowbro,490,1,https://img.pokemondb.net/sprites/scarlet-violet/icon/slowbro-galarian.png,poison,psychic,0,0,0,0,1.0,0.25,1.0,0.5,2.0,1.0,1.0,2.0,1.0,1.0,1.0,0.5,1.0,1.0,1.0,1.0,2.0,0.5
gengar,500,1,https://img.pokemondb.net/sprites/scarlet-violet/icon/gengar.png,ghost,poison,0,0,0,0,0.0,0.0,1.0,0.25,2.0,1.0,0.25,2.0,1.0,1.0,1.0,0.5,1.0,2.0,1.0,1.0,2.0,0.5
kangaskhan,490,1,https://img.pokemondb.net/sprites/scarlet-violet/icon/kangaskhan.png,normal,,0,0,0,0,1.0,2.0,1.0,1.0,1.0,1.0,1.0,0.0,1.0,1.0,1.0,1.0,1.0,1.0,1.0,1.0,1.0,1.0
starmie,520,1,https://img.pokemondb.net/sprites/scarlet-violet/icon/starmie.png,water,psychic,0,0,0,0,1.0,0.5,1.0,1.0,1.0,1.0,2.0,2.0,0.5,0.5,0.5,2.0,2.0,0.5,0.5,1.0,2.0,1.0
pinsir,500,1,https://img.pokemondb.net/sprites/scarlet-violet/icon/pinsir.png,bug,,0,0,0,0,1.0,0.5,2.0,1.0,0.5,2.0,1.0,1.0,1.0,2.0,1.0,0.5,1.0,1.0,1.0,1.0,1.0,1.0
tauros,490,1,https://img.pokemondb.net/sprites/scarlet-violet/icon/tauros.png,normal,,0,0,0,0,1.0,2.0,1.0,1.0,1.0,1.0,1.0,0.0,1.0,1.0,1.0,1.0,1.0,1.0,1.0,1.0,1.0,1.0
paldean tauros,490,1,https://img.pokemondb.net/sprites/scarlet-violet/icon/tauros-paldean-combat.png,fighting,,0,0,0,0,1.0,1.0,2.0,1.0,1.0,0.5,0.5,1.0,1.0,1.0,1.0,1.0,1.0,2.0,1.0,1.0,0.5,2.0
paldean tauros (blaze breed),490,1,https://img.pokemondb.net/sprites/scarlet-violet/icon/tauros-paldean-blaze.png,fighting,fire,0,0,0,0,1.0,1.0,2.0,1.0,2.0,1.0,0.25,1.0,0.5,0.5,2.0,0.5,1.0,2.0,0.5,1.0,0.5,1.0
paldean tauros (aqua breed),490,1,https://img.pokemondb.net/sprites/scarlet-violet/icon/tauros-paldean-aqua.png,fighting,water,0,0,0,0,1.0,1.0,2.0,1.0,1.0,0.5,0.5,1.0,0.5,0.5,0.5,2.0,2.0,2.0,0.5,1.0,0.5,2.0
gyarados,540,1,https://img.pokemondb.net/sprites/scarlet-violet/icon/gyarados.png,water,flying,0,0,0,0,1.0,0.5,1.0,1.0,0.0,2.0,0.5,1.0,0.5,0.5,0.5,1.0,4.0,1.0,1.0,1.0,1.0,1.0
ditto,288,1,https://img.pokemondb.net/sprites/scarlet-violet/icon/ditto.png,normal,,0,0,0,0,1.0,2.0,1.0,1.0,1.0,1.0,1.0,0.0,1.0,1.0,1.0,1.0,1.0,1.0,1.0,1.0,1.0,1.0
vaporeon,525,1,https://img.pokemondb.net/sprites/scarlet-violet/icon/vaporeon.png,water,,0,0,0,0,1.0,1.0,1.0,1.0,1.0,1.0,1.0,1.0,0.5,0.5,0.5,2.0,2.0,1.0,0.5,1.0,1.0,1.0
jolteon,525,1,https://img.pokemondb.net/sprites/scarlet-violet/icon/jolteon.png,electric,,0,0,0,0,1.0,1.0,0.5,1.0,2.0,1.0,1.0,1.0,0.5,1.0,1.0,1.0,0.5,1.0,1.0,1.0,1.0,1.0
flareon,525,1,https://img.pokemondb.net/sprites/scarlet-violet/icon/flareon.png,fire,,0,0,0,0,1.0,1.0,1.0,1.0,2.0,2.0,0.5,1.0,0.5,0.5,2.0,0.5,1.0,1.0,0.5,1.0,1.0,0.5
aerodactyl,515,1,https://img.pokemondb.net/sprites/scarlet-violet/icon/aerodactyl.png,rock,flying,0,0,0,1,0.5,1.0,0.5,0.5,0.0,2.0,0.5,1.0,2.0,0.5,2.0,1.0,2.0,1.0,2.0,1.0,1.0,1.0
snorlax,540,1,https://img.pokemondb.net/sprites/scarlet-violet/icon/snorlax.png,normal,,0,0,0,0,1.0,2.0,1.0,1.0,1.0,1.0,1.0,0.0,1.0,1.0,1.0,1.0,1.0,1.0,1.0,1.0,1.0,1.0
dragonite,600,1,https://img.pokemondb.net/sprites/scarlet-violet/icon/dragonite.png,dragon,flying,0,0,1,0,1.0,0.5,1.0,1.0,0.0,2.0,0.5,1.0,1.0,0.5,0.5,0.25,1.0,1.0,4.0,2.0,1.0,2.0
meganium,525,2,https://img.pokemondb.net/sprites/scarlet-violet/icon/meganium.png,grass,,1,0,0,0,1.0,1.0,2.0,2.0,0.5,1.0,2.0,1.0,1.0,2.0,0.5,0.5,0.5,1.0,2.0,1.0,1.0,1.0
typhlosion,534,2,https://img.pokemondb.net/sprites/scarlet-violet/icon/typhlosion.png,fire,,1,0,0,0,1.0,1.0,1.0,1.0,2.0,2.0,0.5,1.0,0.5,0.5,2.0,0.5,1.0,1.0,0.5,1.0,1.0,0.5
hisuian typhlosion,534,2,https://img.pokemondb.net/sprites/scarlet-violet/icon/typhlosion-hisuian.png,fire,ghost,1,0,0,0,0.0,0.0,1.0,0.5,2.0,2.0,0.25,2.0,0.5,0.5,2.0,0.5,1.0,1.0,0.5,1.0,2.0,0.5
feraligatr,530,2,https://img.pokemondb.net/sprites/scarlet-violet/icon/feraligatr.png,water,,1,0,0,0,1.0,1.0,1.0,1.0,1.0,1.0,1.0,1.0,0.5,0.5,0.5,2.0,2.0,1.0,0.5,1.0,1.0,1.0
ariados,400,2,https://img.pokemondb.net/sprites/scarlet-violet/icon/ariados.png,bug,poison,0,0,0,0,1.0,0.25,2.0,0.5,1.0,2.0,0.5,1.0,1.0,2.0,1.0,0.25,1.0,2.0,1.0,1.0,1.0,0.5
ampharos,510,2,https://img.pokemondb.net/sprites/scarlet-violet/icon/ampharos.png,electric,,0,0,0,0,1.0,1.0,0.5,1.0,2.0,1.0,1.0,1.0,0.5,1.0,1.0,1.0,0.5,1.0,1.0,1.0,1.0,1.0
azumarill,420,2,https://img.pokemondb.net/sprites/scarlet-violet/icon/azumarill.png,water,fairy,0,0,0,0,1.0,0.5,1.0,2.0,1.0,1.0,0.5,1.0,1.0,0.5,0.5,2.0,2.0,1.0,0.5,0.0,0.5,1.0
politoed,500,2,https://img.pokemondb.net/sprites/scarlet-violet/icon/politoed.png,water,,0,0,0,0,1.0,1.0,1.0,1.0,1.0,1.0,1.0,1.0,0.5,0.5,0.5,2.0,2.0,1.0,0.5,1.0,1.0,1.0
espeon,525,2,https://img.pokemondb.net/sprites/scarlet-violet/icon/espeon.png,psychic,,0,0,0,0,1.0,0.5,1.0,1.0,1.0,1.0,2.0,2.0,1.0,1.0,1.0,1.0,1.0,0.5,1.0,1.0,2.0,1.0
umbreon,525,2,https://img.pokemondb.net/sprites/scarlet-violet/icon/umbreon.png,dark,,0,0,0,0,1.0,2.0,1.0,1.0,1.0,1.0,2.0,0.5,1.0,1.0,1.0,1.0,1.0,0.0,1.0,1.0,0.5,2.0
slowking,490,2,https://img.pokemondb.net/sprites/scarlet-violet/icon/slowking.png,water,psychic,0,0,0,0,1.0,0.5,1.0,1.0,1.0,1.0,2.0,2.0,0.5,0.5,0.5,2.0,2.0,0.5,0.5,1.0,2.0,1.0
galarian slowking,490,2,https://img.pokemondb.net/sprites/scarlet-violet/icon/slowking-galarian.png,poison,psychic,0,0,0,0,1.0,0.25,1.0,0.5,2.0,1.0,1.0,2.0,1.0,1.0,1.0,0.5,1.0,1.0,1.0,1.0,2.0,0.5
forretress,465,2,https://img.pokemondb.net/sprites/scarlet-violet/icon/forretress.png,bug,steel,0,0,0,0,0.5,1.0,1.0,0.0,1.0,1.0,0.5,1.0,0.5,4.0,1.0,0.25,1.0,0.5,0.5,0.5,1.0,0.5
steelix,510,2,https://img.pokemondb.net/sprites/scarlet-violet/icon/steelix.png,steel,ground,0,0,0,0,0.5,2.0,0.5,0.0,2.0,0.25,0.5,1.0,0.5,2.0,2.0,1.0,0.0,0.5,1.0,0.5,1.0,0.5
qwilfish,440,2,https://img.pokemondb.net/sprites/scarlet-violet/icon/qwilfish.png,water,poison,0,0,0,0,1.0,0.5,1.0,0.5,2.0,1.0,0.5,1.0,0.5,0.5,0.5,1.0,2.0,2.0,0.5,1.0,1.0,0.5
scizor,500,2,https://img.pokemondb.net/sprites/scarlet-violet/icon/scizor.png,bug,steel,0,0,0,0,0.5,1.0,1.0,0.0,1.0,1.0,0.5,1.0,0.5,4.0,1.0,0.25,1.0,0.5,0.5,0.5,1.0,0.5
heracross,500,2,https://img.pokemondb.net/sprites/scarlet-violet/icon/heracross.png,bug,fighting,0,0,0,0,1.0,0.5,4.0,1.0,0.5,1.0,0.5,1.0,1.0,2.0,1.0,0.5,1.0,2.0,1.0,1.0,0.5,2.0
skarmory,465,2,https://img.pokemondb.net/sprites/scarlet-violet/icon/skarmory.png,steel,flying,0,0,0,0,0.5,1.0,0.5,0.0,0.0,1.0,0.25,1.0,0.5,2.0,1.0,0.25,2.0,0.5,1.0,0.5,1.0,0.5
houndoom,500,2,https://img.pokemondb.net/sprites/scarlet-violet/icon/houndoom.png,dark,fire,0,0,0,0,1.0,2.0,1.0,1.0,2.0,2.0,1.0,0.5,0.5,0.5,2.0,0.5,1.0,0.0,0.5,1.0,0.5,1.0
tyranitar,600,2,https://img.pokemondb.net/sprites/scarlet-violet/icon/tyranitar.png,rock,dark,0,0,1,0,0.5,4.0,0.5,0.5,2.0,1.0,2.0,0.5,2.0,0.5,2.0,2.0,1.0,0.0,1.0,1.0,0.5,2.0
sceptile,530,3,https://img.pokemondb.net/sprites/scarlet-violet/icon/sceptile.png,grass,,1,0,0,0,1.0,1.0,2.0,2.0,0.5,1.0,2.0,1.0,1.0,2.0,0.5,0.5,0.5,1.0,2.0,1.0,1.0,1.0
blaziken,530,3,https://img.pokemondb.net/sprites/scarlet-violet/icon/blaziken.png,fire,fighting,1,0,0,0,1.0,1.0,2.0,1.0,2.0,1.0,0.25,1.0,0.5,0.5,2.0,0.5,1.0,2.0,0.5,1.0,0.5,1.0
swampert,535,3,https://img.pokemondb.net/sprites/scarlet-violet/icon/swampert.png,water,ground,1,0,0,0,1.0,1.0,1.0,0.5,1.0,0.5,1.0,1.0,0.5,0.5,1.0,4.0,0.0,1.0,1.0,1.0,1.0,1.0
pelipper,440,3,https://img.pokemondb.net/sprites/scarlet-violet/icon/pelipper.png,water,flying,0,0,0,0,1.0,0.5,1.0,1.0,0.0,2.0,0.5,1.0,0.5,0.5,0.5,1.0,4.0,1.0,1.0,1.0,1.0,1.0
gardevoir,518,3,https://img.pokemondb.net/sprites/scarlet-violet/icon/gardevoir.png,psychic,fairy,0,0,0,0,1.0,0.25,1.0,2.0,1.0,1.0,1.0,2.0,2.0,1.0,1.0,1.0,1.0,0.5,1.0,0.0,1.0,1.0
sableye,380,3,https://img.pokemondb.net/sprites/scarlet-violet/icon/sableye.png,dark,ghost,0,0,0,0,0.0,0.0,1.0,0.5,1.0,1.0,1.0,1.0,1.0,1.0,1.0,1.0,1.0,0.0,1.0,1.0,1.0,2.0
mawile,380,3,https://img.pokemondb.net/sprites/scarlet-violet/icon/mawile.png,steel,fairy,0,0,0,0,0.5,1.0,0.5,0.0,2.0,0.5,0.25,1.0,1.0,2.0,1.0,0.5,1.0,0.5,0.5,0.0,0.5,0.5
aggron,530,3,https://img.pokemondb.net/sprites/scarlet-violet/icon/aggron.png,steel,rock,0,0,0,0,0.25,4.0,0.25,0.0,4.0,0.5,0.5,1.0,1.0,1.0,2.0,1.0,1.0,0.5,0.5,0.5,1.0,0.5
medicham,410,3,https://img.pokemondb.net/sprites/scarlet-violet/icon/medicham.png,fighting,psychic,0,0,0,0,1.0,0.5,2.0,1.0,1.0,0.5,1.0,2.0,1.0,1.0,1.0,1.0,1.0,1.0,1.0,1.0,1.0,2.0
manectric,475,3,https://img.pokemondb.net/sprites/scarlet-violet/icon/manectric.png,electric,,0,0,0,0,1.0,1.0,0.5,1.0,2.0,1.0,1.0,1.0,0.5,1.0,1.0,1.0,0.5,1.0,1.0,1.0,1.0,1.0
sharpedo,460,3,https://img.pokemondb.net/sprites/scarlet-violet/icon/sharpedo.png,water,dark,0,0,0,0,1.0,2.0,1.0,1.0,1.0,1.0,2.0,0.5,0.5,0.5,0.5,2.0,2.0,0.0,0.5,1.0,0.5,2.0
camerupt,460,3,https://img.pokemondb.net/sprites/scarlet-violet/icon/camerupt.png,fire,ground,0,0,0,0,1.0,1.0,1.0,0.5,2.0,1.0,0.5,1.0,0.5,0.5,4.0,1.0,0.0,1.0,1.0,1.0,1.0,0.5
torkoal,470,3,https://img.pokemondb.net/sprites/scarlet-violet/icon/torkoal.png,fire,,0,0,0,0,1.0,1.0,1.0,1.0,2.0,2.0,0.5,1.0,0.5,0.5,2.0,0.5,1.0,1.0,0.5,1.0,1.0,0.5
altaria,490,3,https://img.pokemondb.net/sprites/scarlet-violet/icon/altaria.png,dragon,flying,0,0,0,0,1.0,0.5,1.0,1.0,0.0,2.0,0.5,1.0,1.0,0.5,0.5,0.25,1.0,1.0,4.0,2.0,1.0,2.0
milotic,540,3,https://img.pokemondb.net/sprites/scarlet-violet/icon/milotic.png,water,,0,0,0,0,1.0,1.0,1.0,1.0,1.0,1.0,1.0,1.0,0.5,0.5,0.5,2.0,2.0,1.0,0.5,1.0,1.0,1.0
castform,420,3,https://img.pokemondb.net/sprites/scarlet-violet/icon/castform.png,normal,,0,0,0,0,1.0,2.0,1.0,1.0,1.0,1.0,1.0,0.0,1.0,1.0,1.0,1.0,1.0,1.0,1.0,1.0,1.0,1.0
banette,455,3,https://img.pokemondb.net/sprites/scarlet-violet/icon/banette.png,ghost,,0,0,0,0,0.0,0.0,1.0,0.5,1.0,1.0,0.5,2.0,1.0,1.0,1.0,1.0,1.0,1.0,1.0,1.0,2.0,1.0
chimecho,455,3,https://img.pokemondb.net/sprites/scarlet-violet/icon/chimecho.png,psychic,,0,0,0,0,1.0,0.5,1.0,1.0,1.0,1.0,2.0,2.0,1.0,1.0,1.0,1.0,1.0,0.5,1.0,1.0,2.0,1.0
absol,465,3,https://img.pokemondb.net/sprites/scarlet-violet/icon/absol.png,dark,,0,0,0,0,1.0,2.0,1.0,1.0,1.0,1.0,2.0,0.5,1.0,1.0,1.0,1.0,1.0,0.0,1.0,1.0,0.5,2.0
glalie,480,3,https://img.pokemondb.net/sprites/scarlet-violet/icon/glalie.png,ice,,0,0,0,0,1.0,2.0,1.0,1.0,1.0,2.0,1.0,1.0,2.0,2.0,1.0,1.0,1.0,1.0,0.5,1.0,1.0,1.0
metagross,600,3,https://img.pokemondb.net/sprites/scarlet-violet/icon/metagross.png,steel,psychic,0,0,1,0,0.5,1.0,0.5,0.0,2.0,0.5,1.0,2.0,0.5,2.0,1.0,0.5,1.0,0.25,0.5,0.5,2.0,0.5
torterra,525,4,https://img.pokemondb.net/sprites/scarlet-violet/icon/torterra.png,grass,ground,1,0,0,0,1.0,1.0,2.0,1.0,0.5,0.5,2.0,1.0,1.0,2.0,1.0,1.0,0.0,1.0,4.0,1.0,1.0,1.0
infernape,534,4,https://img.pokemondb.net/sprites/scarlet-violet/icon/infernape.png,fire,fighting,1,0,0,0,1.0,1.0,2.0,1.0,2.0,1.0,0.25,1.0,0.5,0.5,2.0,0.5,1.0,2.0,0.5,1.0,0.5,1.0
empoleon,530,4,https://img.pokemondb.net/sprites/scarlet-violet/icon/empoleon.png,water,steel,1,0,0,0,0.5,2.0,0.5,0.0,2.0,0.5,0.5,1.0,0.25,1.0,0.5,1.0,2.0,0.5,0.25,0.5,1.0,0.5
staraptor,485,4,https://img.pokemondb.net/sprites/scarlet-violet/icon/staraptor.png,normal,flying,0,0,0,0,1.0,1.0,1.0,1.0,0.0,2.0,0.5,0.0,1.0,1.0,1.0,0.5,2.0,1.0,2.0,1.0,1.0,1.0
luxray,523,4,https://img.pokemondb.net/sprites/scarlet-violet/icon/luxray.png,electric,,0,0,0,0,1.0,1.0,0.5,1.0,2.0,1.0,1.0,1.0,0.5,1.0,1.0,1.0,0.5,1.0,1.0,1.0,1.0,1.0
roserade,515,4,https://img.pokemondb.net/sprites/scarlet-violet/icon/roserade.png,grass,poison,0,0,0,0,1.0,0.5,2.0,1.0,1.0,1.0,1.0,1.0,1.0,2.0,0.5,0.25,0.5,2.0,2.0,1.0,1.0,0.5
rampardos,495,4,https://img.pokemondb.net/sprites/scarlet-violet/icon/rampardos.png,rock,,0,0,0,1,0.5,2.0,0.5,0.5,2.0,1.0,1.0,1.0,2.0,0.5,2.0,2.0,1.0,1.0,1.0,1.0,1.0,1.0
bastiodon,495,4,https://img.pokemondb.net/sprites/scarlet-violet/icon/bastiodon.png,rock,steel,0,0,0,1,0.25,4.0,0.25,0.0,4.0,0.5,0.5,1.0,1.0,1.0,2.0,1.0,1.0,0.5,0.5,0.5,1.0,0.5
lopunny,480,4,https://img.pokemondb.net/sprites/scarlet-violet/icon/lopunny.png,normal,,0,0,0,0,1.0,2.0,1.0,1.0,1.0,1.0,1.0,0.0,1.0,1.0,1.0,1.0,1.0,1.0,1.0,1.0,1.0,1.0
spiritomb,485,4,https://img.pokemondb.net/sprites/scarlet-violet/icon/spiritomb.png,ghost,dark,0,0,0,0,0.0,0.0,1.0,0.5,1.0,1.0,1.0,1.0,1.0,1.0,1.0,1.0,1.0,0.0,1.0,1.0,1.0,2.0
garchomp,600,4,https://img.pokemondb.net/sprites/scarlet-violet/icon/garchomp.png,dragon,ground,0,0,1,0,1.0,1.0,1.0,0.5,1.0,0.5,1.0,1.0,1.0,0.5,1.0,1.0,0.0,1.0,4.0,2.0,1.0,2.0
lucario,525,4,https://img.pokemondb.net/sprites/scarlet-violet/icon/lucario.png,fighting,steel,0,0,0,0,0.5,2.0,1.0,0.0,2.0,0.25,0.25,1.0,0.5,2.0,1.0,0.5,1.0,1.0,0.5,0.5,0.5,1.0
hippowdon,525,4,https://img.pokemondb.net/sprites/scarlet-violet/icon/hippowdon.png,ground,,0,0,0,0,1.0,1.0,1.0,0.5,1.0,0.5,1.0,1.0,1.0,1.0,2.0,2.0,0.0,1.0,2.0,1.0,1.0,1.0
toxicroak,490,4,https://img.pokemondb.net/sprites/scarlet-violet/icon/toxicroak.png,poison,fighting,0,0,0,0,1.0,0.5,2.0,0.5,2.0,0.5,0.25,1.0,1.0,1.0,1.0,0.5,1.0,4.0,1.0,1.0,0.5,1.0
abomasnow,494,4,https://img.pokemondb.net/sprites/scarlet-violet/icon/abomasnow.png,grass,ice,0,0,0,0,1.0,2.0,2.0,2.0,0.5,2.0,2.0,1.0,2.0,4.0,0.5,0.5,0.5,1.0,1.0,1.0,1.0,1.0
weavile,510,4,https://img.pokemondb.net/sprites/scarlet-violet/icon/weavile.png,dark,ice,0,0,0,0,1.0,4.0,1.0,1.0,1.0,2.0,2.0,0.5,2.0,2.0,1.0,1.0,1.0,0.0,0.5,1.0,0.5,2.0
rhyperior,535,4,https://img.pokemondb.net/sprites/scarlet-violet/icon/rhyperior.png,ground,rock,0,0,0,0,0.5,2.0,0.5,0.25,2.0,0.5,1.0,1.0,2.0,0.5,4.0,4.0,0.0,1.0,2.0,1.0,1.0,1.0
leafeon,525,4,https://img.pokemondb.net/sprites/scarlet-violet/icon/leafeon.png,grass,,0,0,0,0,1.0,1.0,2.0,2.0,0.5,1.0,2.0,1.0,1.0,2.0,0.5,0.5,0.5,1.0,2.0,1.0,1.0,1.0
glaceon,525,4,https://img.pokemondb.net/sprites/scarlet-violet/icon/glaceon.png,ice,,0,0,0,0,1.0,2.0,1.0,1.0,1.0,2.0,1.0,1.0,2.0,2.0,1.0,1.0,1.0,1.0,0.5,1.0,1.0,1.0
gliscor,510,4,https://img.pokemondb.net/sprites/scarlet-violet/icon/gliscor.png,ground,flying,0,0,0,0,1.0,0.5,1.0,0.5,0.0,1.0,0.5,1.0,1.0,1.0,2.0,1.0,0.0,1.0,4.0,1.0,1.0,1.0
mamoswine,530,4,https://img.pokemondb.net/sprites/scarlet-violet/icon/mamoswine.png,ice,ground,0,0,0,0,1.0,2.0,1.0,0.5,1.0,1.0,1.0,1.0,2.0,2.0,2.0,2.0,0.0,1.0,1.0,1.0,1.0,1.0
gallade,518,4,https://img.pokemondb.net/sprites/scarlet-violet/icon/gallade.png,psychic,fighting,0,0,0,0,1.0,0.5,2.0,1.0,1.0,0.5,1.0,2.0,1.0,1.0,1.0,1.0,1.0,1.0,1.0,1.0,1.0,2.0
froslass,480,4,https://img.pokemondb.net/sprites/scarlet-violet/icon/froslass.png,ice,ghost,0,0,0,0,0.0,0.0,1.0,0.5,1.0,2.0,0.5,2.0,2.0,2.0,1.0,1.0,1.0,1.0,0.5,1.0,2.0,1.0
rotom,440,4,https://img.pokemondb.net/sprites/scarlet-violet/icon/rotom.png,electric,ghost,0,0,0,0,0.0,0.0,0.5,0.5,2.0,1.0,0.5,2.0,0.5,1.0,1.0,1.0,0.5,1.0,1.0,1.0,2.0,1.0
heat rotom,520,4,https://img.pokemondb.net/sprites/scarlet-violet/icon/rotom-heat.png,electric,fire,0,0,0,0,1.0,1.0,0.5,1.0,4.0,2.0,0.5,1.0,0.25,0.5,2.0,0.5,0.5,1.0,0.5,1.0,1.0,0.5
wash rotom,520,4,https://img.pokemondb.net/sprites/scarlet-violet/icon/rotom-wash.png,electric,water,0,0,0,0,1.0,1.0,0.5,1.0,2.0,1.0,1.0,1.0,0.25,0.5,0.5,2.0,1.0,1.0,0.5,1.0,1.0,1.0
frost rotom,520,4,https://img.pokemondb.net/sprites/scarlet-violet/icon/rotom-frost.png,electric,ice,0,0,0,0,1.0,2.0,0.5,1.0,2.0,2.0,1.0,1.0,1.0,2.0,1.0,1.0,0.5,1.0,0.5,1.0,1.0,1.0
fan rotom,520,4,https://img.pokemondb.net/sprites/scarlet-violet/icon/rotom-fan.png,electric,flying,0,0,0,0,1.0,0.5,0.5,1.0,0.0,2.0,0.5,1.0,0.5,1.0,1.0,0.5,1.0,1.0,2.0,1.0,1.0,1.0
mow rotom,520,4,https://img.pokemondb.net/sprites/scarlet-violet/icon/rotom-mow.png,electric,grass,0,0,0,0,1.0,1.0,1.0,2.0,1.0,1.0,2.0,1.0,0.5,2.0,0.5,0.5,0.25,1.0,2.0,1.0,1.0,1.0
serperior,528,5,https://img.pokemondb.net/sprites/scarlet-violet/icon/serperior.png,grass,,1,0,0,0,1.0,1.0,2.0,2.0,0.5,1.0,2.0,1.0,1.0,2.0,0.5,0.5,0.5,1.0,2.0,1.0,1.0,1.0
emboar,528,5,https://img.pokemondb.net/sprites/scarlet-violet/icon/emboar.png,fire,fighting,1,0,0,0,1.0,1.0,2.0,1.0,2.0,1.0,0.25,1.0,0.5,0.5,2.0,0.5,1.0,2.0,0.5,1.0,0.5,1.0
samurott,528,5,https://img.pokemondb.net/sprites/scarlet-violet/icon/samurott.png,water,,1,0,0,0,1.0,1.0,1.0,1.0,1.0,1.0,1.0,1.0,0.5,0.5,0.5,2.0,2.0,1.0,0.5,1.0,1.0,1.0
hisuian samurott,528,5,https://img.pokemondb.net/sprites/scarlet-violet/icon/samurott-hisuian.png,water,dark,1,0,0,0,1.0,2.0,1.0,1.0,1.0,1.0,2.0,0.5,0.5,0.5,0.5,2.0,2.0,0.0,0.5,1.0,0.5,2.0
watchog,420,5,https://img.pokemondb.net/sprites/scarlet-violet/icon/watchog.png,normal,,0,0,0,0,1.0,2.0,1.0,1.0,1.0,1.0,1.0,0.0,1.0,1.0,1.0,1.0,1.0,1.0,1.0,1.0,1.0,1.0
liepard,446,5,https://img.pokemondb.net/sprites/scarlet-violet/icon/liepard.png,dark,,0,0,0,0,1.0,2.0,1.0,1.0,1.0,1.0,2.0,0.5,1.0,1.0,1.0,1.0,1.0,0.0,1.0,1.0,0.5,2.0
simisage,498,5,https://img.pokemondb.net/sprites/scarlet-violet/icon/simisage.png,grass,,0,0,0,0,1.0,1.0,2.0,2.0,0.5,1.0,2.0,1.0,1.0,2.0,0.5,0.5,0.5,1.0,2.0,1.0,1.0,1.0
simisear,498,5,https://img.pokemondb.net/sprites/scarlet-violet/icon/simisear.png,fire,,0,0,0,0,1.0,1.0,1.0,1.0,2.0,2.0,0.5,1.0,0.5,0.5,2.0,0.5,1.0,1.0,0.5,1.0,1.0,0.5
simipour,498,5,https://img.pokemondb.net/sprites/scarlet-violet/icon/simipour.png,water,,0,0,0,0,1.0,1.0,1.0,1.0,1.0,1.0,1.0,1.0,0.5,0.5,0.5,2.0,2.0,1.0,0.5,1.0,1.0,1.0
musharna,487,5,https://img.pokemondb.net/sprites/scarlet-violet/icon/musharna.png,psychic,,0,0,0,0,1.0,0.5,1.0,1.0,1.0,1.0,2.0,2.0,1.0,1.0,1.0,1.0,1.0,0.5,1.0,1.0,2.0,1.0
excadrill,508,5,https://img.pokemondb.net/sprites/scarlet-violet/icon/excadrill.png,ground,steel,0,0,0,0,0.5,2.0,0.5,0.0,2.0,0.25,0.5,1.0,0.5,2.0,2.0,1.0,0.0,0.5,1.0,0.5,1.0,0.5
audino,445,5,https://img.pokemondb.net/sprites/scarlet-violet/icon/audino.png,normal,,0,0,0,0,1.0,2.0,1.0,1.0,1.0,1.0,1.0,0.0,1.0,1.0,1.0,1.0,1.0,1.0,1.0,1.0,1.0,1.0
conkeldurr,505,5,https://img.pokemondb.net/sprites/scarlet-violet/icon/conkeldurr.png,fighting,,0,0,0,0,1.0,1.0,2.0,1.0,1.0,0.5,0.5,1.0,1.0,1.0,1.0,1.0,1.0,2.0,1.0,1.0,0.5,2.0
scolipede,485,5,https://img.pokemondb.net/sprites/scarlet-violet/icon/scolipede.png,bug,poison,0,0,0,0,1.0,0.25,2.0,0.5,1.0,2.0,0.5,1.0,1.0,2.0,1.0,0.25,1.0,2.0,1.0,1.0,1.0,0.5
whimsicott,480,5,https://img.pokemondb.net/sprites/scarlet-violet/icon/whimsicott.png,grass,fairy,0,0,0,0,1.0,0.5,2.0,4.0,0.5,1.0,1.0,1.0,2.0,2.0,0.5,0.5,0.5,1.0,2.0,0.0,0.5,1.0
krookodile,519,5,https://img.pokemondb.net/sprites/scarlet-violet/icon/krookodile.png,ground,dark,0,0,0,0,1.0,2.0,1.0,0.5,1.0,0.5,2.0,0.5,1.0,1.0,2.0,2.0,0.0,0.0,2.0,1.0,0.5,2.0
scrafty,488,5,https://img.pokemondb.net/sprites/scarlet-violet/icon/scrafty.png,dark,fighting,0,0,0,0,1.0,2.0,2.0,1.0,1.0,0.5,1.0,0.5,1.0,1.0,1.0,1.0,1.0,0.0,1.0,1.0,0.25,4.0
cofagrigus,483,5,https://img.pokemondb.net/sprites/scarlet-violet/icon/cofagrigus.png,ghost,,0,0,0,0,0.0,0.0,1.0,0.5,1.0,1.0,0.5,2.0,1.0,1.0,1.0,1.0,1.0,1.0,1.0,1.0,2.0,1.0
garbodor,474,5,https://img.pokemondb.net/sprites/scarlet-violet/icon/garbodor.png,poison,,0,0,0,0,1.0,0.5,1.0,0.5,2.0,1.0,0.5,1.0,1.0,1.0,1.0,0.5,1.0,2.0,1.0,1.0,1.0,0.5
zoroark,510,5,https://img.pokemondb.net/sprites/scarlet-violet/icon/zoroark.png,dark,,0,0,0,0,1.0,2.0,1.0,1.0,1.0,1.0,2.0,0.5,1.0,1.0,1.0,1.0,1.0,0.0,1.0,1.0,0.5,2.0
hisuian zoroark,510,5,https://img.pokemondb.net/sprites/scarlet-violet/icon/zoroark-hisuian.png,normal,ghost,0,0,0,0,0.0,0.0,1.0,0.5,1.0,1.0,0.5,0.0,1.0,1.0,1.0,1.0,1.0,1.0,1.0,1.0,2.0,1.0
reuniclus,490,5,https://img.pokemondb.net/sprites/scarlet-violet/icon/reuniclus.png,psychic,,0,0,0,0,1.0,0.5,1.0,1.0,1.0,1.0,2.0,2.0,1.0,1.0,1.0,1.0,1.0,0.5,1.0,1.0,2.0,1.0
vanilluxe,535,5,https://img.pokemondb.net/sprites/scarlet-violet/icon/vanilluxe.png,ice,,0,0,0,0,1.0,2.0,1.0,1.0,1.0,2.0,1.0,1.0,2.0,2.0,1.0,1.0,1.0,1.0,0.5,1.0,1.0,1.0
emolga,428,5,https://img.pokemondb.net/sprites/scarlet-violet/icon/emolga.png,electric,flying,0,0,0,0,1.0,0.5,0.5,1.0,0.0,2.0,0.5,1.0,0.5,1.0,1.0,0.5,1.0,1.0,2.0,1.0,1.0,1.0
eelektross,515,5,https://img.pokemondb.net/sprites/scarlet-violet/icon/eelektross.png,electric,,0,0,0,0,1.0,1.0,0.5,1.0,2.0,1.0,1.0,1.0,0.5,1.0,1.0,1.0,0.5,1.0,1.0,1.0,1.0,1.0
chandelure,520,5,https://img.pokemondb.net/sprites/scarlet-violet/icon/chandelure.png,ghost,fire,0,0,0,0,0.0,0.0,1.0,0.5,2.0,2.0,0.25,2.0,0.5,0.5,2.0,0.5,1.0,1.0,0.5,1.0,2.0,0.5
beartic,505,5,https://img.pokemondb.net/sprites/scarlet-violet/icon/beartic.png,ice,,0,0,0,0,1.0,2.0,1.0,1.0,1.0,2.0,1.0,1.0,2.0,2.0,1.0,1.0,1.0,1.0,0.5,1.0,1.0,1.0
stunfisk,471,5,https://img.pokemondb.net/sprites/scarlet-violet/icon/stunfisk.png,ground,electric,0,0,0,0,1.0,1.0,0.5,0.5,2.0,0.5,1.0,1.0,0.5,1.0,2.0,2.0,0.0,1.0,2.0,1.0,1.0,1.0
galarian stunfisk,471,5,https://img.pokemondb.net/sprites/scarlet-violet/icon/stunfisk-galarian.png,ground,steel,0,0,0,0,0.5,2.0,0.5,0.0,2.0,0.25,0.5,1.0,0.5,2.0,2.0,1.0,0.0,0.5,1.0,0.5,1.0,0.5
golurk,483,5,https://img.pokemondb.net/sprites/scarlet-violet/icon/golurk.png,ground,ghost,0,0,0,0,0.0,0.0,1.0,0.25,1.0,0.5,0.5,2.0,1.0,1.0,2.0,2.0,0.0,1.0,2.0,1.0,2.0,1.0
hydreigon,600,5,https://img.pokemondb.net/sprites/scarlet-violet/icon/hydreigon.png,dark,dragon,0,0,1,0,1.0,2.0,1.0,1.0,1.0,1.0,2.0,0.5,1.0,0.5,0.5,0.5,0.5,0.0,2.0,2.0,0.5,4.0
volcarona,550,5,https://img.pokemondb.net/sprites/scarlet-violet/icon/volcarona.png,bug,fire,0,0,0,0,1.0,0.5,2.0,1.0,1.0,4.0,0.5,1.0,0.5,1.0,2.0,0.25,1.0,1.0,0.5,1.0,1.0,0.5
chesnaught,530,6,https://img.pokemondb.net/sprites/scarlet-violet/icon/chesnaught.png,grass,fighting,1,0,0,0,1.0,1.0,4.0,2.0,0.5,0.5,1.0,1.0,1.0,2.0,0.5,0.5,0.5,2.0,2.0,1.0,0.5,2.0
delphox,534,6,https://img.pokemondb.net/sprites/scarlet-violet/icon/delphox.png,fire,psychic,1,0,0,0,1.0,0.5,1.0,1.0,2.0,2.0,1.0,2.0,0.5,0.5,2.0,0.5,1.0,0.5,0.5,1.0,2.0,0.5
greninja,530,6,https://img.pokemondb.net/sprites/scarlet-violet/icon/greninja.png,water,dark,1,0,0,0,1.0,2.0,1.0,1.0,1.0,1.0,2.0,0.5,0.5,0.5,0.5,2.0,2.0,0.0,0.5,1.0,0.5,2.0
diggersby,423,6,https://img.pokemondb.net/sprites/scarlet-violet/icon/diggersby.png,normal,ground,0,0,0,0,1.0,2.0,1.0,0.5,1.0,0.5,1.0,0.0,1.0,1.0,2.0,2.0,0.0,1.0,2.0,1.0,1.0,1.0
talonflame,499,6,https://img.pokemondb.net/sprites/scarlet-violet/icon/talonflame.png,fire,flying,0,0,0,0,1.0,0.5,1.0,1.0,0.0,4.0,0.25,1.0,0.5,0.5,2.0,0.25,2.0,1.0,1.0,1.0,1.0,0.5
vivillon,411,6,https://img.pokemondb.net/sprites/scarlet-violet/icon/vivillon.png,bug,flying,0,0,0,0,1.0,0.25,2.0,1.0,0.0,4.0,0.5,1.0,1.0,2.0,1.0,0.25,2.0,1.0,2.0,1.0,1.0,1.0
pyroar,507,6,https://img.pokemondb.net/sprites/scarlet-violet/icon/pyroar.png,fire,normal,0,0,0,0,1.0,2.0,1.0,1.0,2.0,2.0,0.5,0.0,0.5,0.5,2.0,0.5,1.0,1.0,0.5,1.0,1.0,0.5
florges,552,6,https://img.pokemondb.net/sprites/scarlet-violet/icon/florges.png,fairy,,0,0,0,0,1.0,0.5,1.0,2.0,1.0,1.0,0.5,1.0,2.0,1.0,1.0,1.0,1.0,1.0,1.0,0.0,0.5,1.0
furfrou,472,6,https://img.pokemondb.net/sprites/scarlet-violet/icon/furfrou.png,normal,,0,0,0,0,1.0,2.0,1.0,1.0,1.0,1.0,1.0,0.0,1.0,1.0,1.0,1.0,1.0,1.0,1.0,1.0,1.0,1.0
meowstic,466,6,https://img.pokemondb.net/sprites/scarlet-violet/icon/meowstic-male.png,psychic,,0,0,0,0,1.0,0.5,1.0,1.0,1.0,1.0,2.0,2.0,1.0,1.0,1.0,1.0,1.0,0.5,1.0,1.0,2.0,1.0
aegislash,500,6,https://img.pokemondb.net/sprites/scarlet-violet/icon/aegislash-shield.png,steel,ghost,0,0,0,0,0.0,0.0,0.5,0.0,2.0,0.5,0.25,2.0,0.5,2.0,1.0,0.5,1.0,0.5,0.5,0.5,2.0,0.5
aromatisse,462,6,https://img.pokemondb.net/sprites/scarlet-violet/icon/aromatisse.png,fairy,,0,0,0,0,1.0,0.5,1.0,2.0,1.0,1.0,0.5,1.0,2.0,1.0,1.0,1.0,1.0,1.0,1.0,0.0,0.5,1.0
slurpuff,480,6,https://img.pokemondb.net/sprites/scarlet-violet/icon/slurpuff.png,fairy,,0,0,0,0,1.0,0.5,1.0,2.0,1.0,1.0,0.5,1.0,2.0,1.0,1.0,1.0,1.0,1.0,1.0,0.0,0.5,1.0
malamar,482,6,https://img.pokemondb.net/sprites/scarlet-violet/icon/malamar.png,dark,psychic,0,0,0,0,1.0,1.0,1.0,1.0,1.0,1.0,4.0,1.0,1.0,1.0,1.0,1.0,1.0,0.0,1.0,1.0,1.0,2.0
barbaracle,500,6,https://img.pokemondb.net/sprites/scarlet-violet/icon/barbaracle.png,rock,water,0,0,0,0,0.5,2.0,0.5,0.5,2.0,1.0,1.0,1.0,1.0,0.25,1.0,4.0,2.0,1.0,0.5,1.0,1.0,1.0
dragalge,494,6,https://img.pokemondb.net/sprites/scarlet-violet/icon/dragalge.png,poison,dragon,0,0,0,0,1.0,0.5,1.0,0.5,2.0,1.0,0.5,1.0,1.0,0.5,0.5,0.25,0.5,2.0,2.0,2.0,1.0,1.0
clawitzer,500,6,https://img.pokemondb.net/sprites/scarlet-violet/icon/clawitzer.png,water,,0,0,0,0,1.0,1.0,1.0,1.0,1.0,1.0,1.0,1.0,0.5,0.5,0.5,2.0,2.0,1.0,0.5,1.0,1.0,1.0
heliolisk,481,6,https://img.pokemondb.net/sprites/scarlet-violet/icon/heliolisk.png,electric,normal,0,0,0,0,1.0,2.0,0.5,1.0,2.0,1.0,1.0,0.0,0.5,1.0,1.0,1.0,0.5,1.0,1.0,1.0,1.0,1.0
tyrantrum,521,6,https://img.pokemondb.net/sprites/scarlet-violet/icon/tyrantrum.png,rock,dragon,0,0,0,1,0.5,2.0,0.5,0.5,2.0,1.0,1.0,1.0,2.0,0.25,1.0,1.0,0.5,1.0,2.0,2.0,1.0,2.0
aurorus,521,6,https://img.pokemondb.net/sprites/scarlet-violet/icon/aurorus.png,rock,ice,0,0,0,1,0.5,4.0,0.5,0.5,2.0,2.0,1.0,1.0,4.0,1.0,2.0,2.0,1.0,1.0,0.5,1.0,1.0,1.0
sylveon,525,6,https://img.pokemondb.net/sprites/scarlet-violet/icon/sylveon.png,fairy,,0,0,0,0,1.0,0.5,1.0,2.0,1.0,1.0,0.5,1.0,2.0,1.0,1.0,1.0,1.0,1.0,1.0,0.0,0.5,1.0
hawlucha,500,6,https://img.pokemondb.net/sprites/scarlet-violet/icon/hawlucha.png,fighting,flying,0,0,0,0,1.0,0.5,2.0,1.0,0.0,1.0,0.25,1.0,1.0,1.0,1.0,0.5,2.0,2.0,2.0,1.0,0.5,2.0
dedenne,431,6,https://img.pokemondb.net/sprites/scarlet-violet/icon/dedenne.png,electric,fairy,0,0,0,0,1.0,0.5,0.5,2.0,2.0,1.0,0.5,1.0,1.0,1.0,1.0,1.0,0.5,1.0,1.0,0.0,0.5,1.0
goodra,600,6,https://img.pokemondb.net/sprites/scarlet-violet/icon/goodra.png,dragon,,0,0,1,0,1.0,1.0,1.0,1.0,1.0,1.0,1.0,1.0,1.0,0.5,0.5,0.5,0.5,1.0,2.0,2.0,1.0,2.0
hisuian goodra,600,6,https://img.pokemondb.net/sprites/scarlet-violet/icon/goodra-hisuian.png,steel,dragon,0,0,1,0,0.5,2.0,0.5,0.0,2.0,0.5,0.5,1.0,0.5,1.0,0.5,0.25,0.5,0.5,1.0,1.0,1.0,1.0
klefki,470,6,https://img.pokemondb.net/sprites/scarlet-violet/icon/klefki.png,steel,fairy,0,0,0,0,0.5,1.0,0.5,0.0,2.0,0.5,0.25,1.0,1.0,2.0,1.0,0.5,1.0,0.5,0.5,0.0,0.5,0.5
trevenant,474,6,https://img.pokemondb.net/sprites/scarlet-violet/icon/trevenant.png,ghost,grass,0,0,0,0,0.0,0.0,2.0,1.0,0.5,1.0,1.0,2.0,1.0,2.0,0.5,0.5,0.5,1.0,2.0,1.0,2.0,1.0
gourgeist,494,6,https://img.pokemondb.net/sprites/scarlet-violet/icon/gourgeist-average.png,ghost,grass,0,0,0,0,0.0,0.0,2.0,1.0,0.5,1.0,1.0,2.0,1.0,2.0,0.5,0.5,0.5,1.0,2.0,1.0,2.0,1.0
avalugg,514,6,https://img.pokemondb.net/sprites/scarlet-violet/icon/avalugg.png,ice,,0,0,0,0,1.0,2.0,1.0,1.0,1.0,2.0,1.0,1.0,2.0,2.0,1.0,1.0,1.0,1.0,0.5,1.0,1.0,1.0
hisuian avalugg,514,6,https://img.pokemondb.net/sprites/scarlet-violet/icon/avalugg-hisuian.png,ice,rock,0,0,0,0,0.5,4.0,0.5,0.5,2.0,2.0,1.0,1.0,4.0,1.0,2.0,2.0,1.0,1.0,0.5,1.0,1.0,1.0
noivern,535,6,https://img.pokemondb.net/sprites/scarlet-violet/icon/noivern.png,flying,dragon,0,0,0,0,1.0,0.5,1.0,1.0,0.0,2.0,0.5,1.0,1.0,0.5,0.5,0.25,1.0,1.0,4.0,2.0,1.0,2.0
decidueye,530,7,https://img.pokemondb.net/sprites/scarlet-violet/icon/decidueye.png,grass,ghost,1,0,0,0,0.0,0.0,2.0,1.0,0.5,1.0,1.0,2.0,1.0,2.0,0.5,0.5,0.5,1.0,2.0,1.0,2.0,1.0
incineroar,530,7,https://img.pokemondb.net/sprites/scarlet-violet/icon/incineroar.png,fire,dark,1,0,0,0,1.0,2.0,1.0,1.0,2.0,2.0,1.0,0.5,0.5,0.5,2.0,0.5,1.0,0.0,0.5,1.0,0.5,1.0
primarina,530,7,https://img.pokemondb.net/sprites/scarlet-violet/icon/primarina.png,water,fairy,1,0,0,0,1.0,0.5,1.0,2.0,1.0,1.0,0.5,1.0,1.0,0.5,0.5,2.0,2.0,1.0,0.5,0.0,0.5,1.0
toucannon,485,7,https://img.pokemondb.net/sprites/scarlet-violet/icon/toucannon.png,normal,flying,0,0,0,0,1.0,1.0,1.0,1.0,0.0,2.0,0.5,0.0,1.0,1.0,1.0,0.5,2.0,1.0,2.0,1.0,1.0,1.0
crabominable,478,7,https://img.pokemondb.net/sprites/scarlet-violet/icon/crabominable.png,fighting,ice,0,0,0,0,1.0,2.0,2.0,1.0,1.0,1.0,0.5,1.0,2.0,2.0,1.0,1.0,1.0,2.0,0.5,1.0,0.5,2.0
lycanroc,487,7,https://img.pokemondb.net/sprites/scarlet-violet/icon/lycanroc-midday.png,rock,,0,0,0,0,0.5,2.0,0.5,0.5,2.0,1.0,1.0,1.0,2.0,0.5,2.0,2.0,1.0,1.0,1.0,1.0,1.0,1.0
mareanie,305,7,https://img.pokemondb.net/sprites/scarlet-violet/icon/mareanie.png,poison,water,0,0,0,0,1.0,0.5,1.0,0.5,2.0,1.0,0.5,1.0,0.5,0.5,0.5,1.0,2.0,2.0,0.5,1.0,1.0,0.5
mudsdale,500,7,https://img.pokemondb.net/sprites/scarlet-violet/icon/mudsdale.png,ground,,0,0,0,0,1.0,1.0,1.0,0.5,1.0,0.5,1.0,1.0,1.0,1.0,2.0,2.0,0.0,1.0,2.0,1.0,1.0,1.0
araquanid,454,7,https://img.pokemondb.net/sprites/scarlet-violet/icon/araquanid.png,water,bug,0,0,0,0,1.0,0.5,2.0,1.0,0.5,2.0,1.0,1.0,0.5,1.0,0.5,1.0,2.0,1.0,0.5,1.0,1.0,1.0
salazzle,480,7,https://img.pokemondb.net/sprites/scarlet-violet/icon/salazzle.png,poison,fire,0,0,0,0,1.0,0.5,1.0,0.5,4.0,2.0,0.25,1.0,0.5,0.5,2.0,0.25,1.0,2.0,0.5,1.0,1.0,0.25
tsareena,510,7,https://img.pokemondb.net/sprites/scarlet-violet/icon/tsareena.png,grass,,0,0,0,0,1.0,1.0,2.0,2.0,0.5,1.0,2.0,1.0,1.0,2.0,0.5,0.5,0.5,1.0,2.0,1.0,1.0,1.0
oranguru,490,7,https://img.pokemondb.net/sprites/scarlet-violet/icon/oranguru.png,normal,psychic,0,0,0,0,1.0,1.0,1.0,1.0,1.0,1.0,2.0,0.0,1.0,1.0,1.0,1.0,1.0,0.5,1.0,1.0,2.0,1.0
passimian,490,7,https://img.pokemondb.net/sprites/scarlet-violet/icon/passimian.png,fighting,,0,0,0,0,1.0,1.0,2.0,1.0,1.0,0.5,0.5,1.0,1.0,1.0,1.0,1.0,1.0,2.0,1.0,1.0,0.5,2.0
mimikyu,476,7,https://img.pokemondb.net/sprites/scarlet-violet/icon/mimikyu.png,ghost,fairy,0,0,0,0,0.0,0.0,1.0,1.0,1.0,1.0,0.25,2.0,2.0,1.0,1.0,1.0,1.0,1.0,1.0,0.0,1.0,1.0
drampa,485,7,https://img.pokemondb.net/sprites/scarlet-violet/icon/drampa.png,normal,dragon,0,0,0,0,1.0,2.0,1.0,1.0,1.0,1.0,1.0,0.0,1.0,0.5,0.5,0.5,0.5,1.0,2.0,2.0,1.0,2.0
kommo-o,600,7,https://img.pokemondb.net/sprites/scarlet-violet/icon/kommo-o.png,dragon,fighting,0,0,1,0,1.0,1.0,2.0,1.0,1.0,0.5,0.5,1.0,1.0,0.5,0.5,0.5,0.5,2.0,2.0,2.0,0.5,4.0
corviknight,495,8,https://img.pokemondb.net/sprites/scarlet-violet/icon/corviknight.png,flying,steel,0,0,0,0,0.5,1.0,0.5,0.0,0.0,1.0,0.25,1.0,0.5,2.0,1.0,0.25,2.0,0.5,1.0,0.5,1.0,0.5
flapple,485,8,https://img.pokemondb.net/sprites/scarlet-violet/icon/flapple.png,grass,dragon,0,0,0,0,1.0,1.0,2.0,2.0,0.5,1.0,2.0,1.0,1.0,1.0,0.25,0.25,0.25,1.0,4.0,2.0,1.0,2.0
appletun,485,8,https://img.pokemondb.net/sprites/scarlet-violet/icon/appletun.png,grass,dragon,0,0,0,0,1.0,1.0,2.0,2.0,0.5,1.0,2.0,1.0,1.0,1.0,0.25,0.25,0.25,1.0,4.0,2.0,1.0,2.0
sandaconda,510,8,https://img.pokemondb.net/sprites/scarlet-violet/icon/sandaconda.png,ground,,0,0,0,0,1.0,1.0,1.0,0.5,1.0,0.5,1.0,1.0,1.0,1.0,2.0,2.0,0.0,1.0,2.0,1.0,1.0,1.0
polteageist,508,8,https://img.pokemondb.net/sprites/scarlet-violet/icon/polteageist.png,ghost,,0,0,0,0,0.0,0.0,1.0,0.5,1.0,1.0,0.5,2.0,1.0,1.0,1.0,1.0,1.0,1.0,1.0,1.0,2.0,1.0
hatterene,510,8,https://img.pokemondb.net/sprites/scarlet-violet/icon/hatterene.png,psychic,fairy,0,0,0,0,1.0,0.25,1.0,2.0,1.0,1.0,1.0,2.0,2.0,1.0,1.0,1.0,1.0,0.5,1.0,0.0,1.0,1.0
grimmsnarl,510,8,https://img.pokemondb.net/sprites/scarlet-violet/icon/grimmsnarl.png,dark,fairy,0,0,0,0,1.0,1.0,1.0,2.0,1.0,1.0,1.0,0.5,2.0,1.0,1.0,1.0,1.0,0.0,1.0,0.0,0.25,2.0
mr. rime,520,8,https://img.pokemondb.net/sprites/scarlet-violet/icon/mr-rime.png,ice,psychic,0,0,0,0,1.0,1.0,1.0,1.0,1.0,2.0,2.0,2.0,2.0,2.0,1.0,1.0,1.0,0.5,0.5,1.0,2.0,1.0
runerigus,483,8,https://img.pokemondb.net/sprites/scarlet-violet/icon/runerigus.png,ground,ghost,0,0,0,0,0.0,0.0,1.0,0.25,1.0,0.5,0.5,2.0,1.0,1.0,2.0,2.0,0.0,1.0,2.0,1.0,2.0,1.0
alcremie,495,8,https://img.pokemondb.net/sprites/scarlet-violet/icon/alcremie.png,fairy,,0,0,0,0,1.0,0.5,1.0,2.0,1.0,1.0,0.5,1.0,2.0,1.0,1.0,1.0,1.0,1.0,1.0,0.0,0.5,1.0
falinks,470,8,https://img.pokemondb.net/sprites/scarlet-violet/icon/falinks.png,fighting,,0,0,0,0,1.0,1.0,2.0,1.0,1.0,0.5,0.5,1.0,1.0,1.0,1.0,1.0,1.0,2.0,1.0,1.0,0.5,2.0
morpeko,436,8,https://img.pokemondb.net/sprites/scarlet-violet/icon/morpeko-full-belly.png,electric,dark,0,0,0,0,1.0,2.0,0.5,1.0,2.0,1.0,2.0,0.5,0.5,1.0,1.0,1.0,0.5,0.0,1.0,1.0,0.5,2.0
dragapult,600,8,https://img.pokemondb.net/sprites/scarlet-violet/icon/dragapult.png,dragon,ghost,0,0,1,0,0.0,0.0,1.0,0.5,1.0,1.0,0.5,2.0,1.0,0.5,0.5,0.5,0.5,1.0,2.0,2.0,2.0,2.0
wyrdeer,525,8,https://img.pokemondb.net/sprites/scarlet-violet/icon/wyrdeer.png,normal,psychic,0,0,0,0,1.0,1.0,1.0,1.0,1.0,1.0,2.0,0.0,1.0,1.0,1.0,1.0,1.0,0.5,1.0,1.0,2.0,1.0
kleavor,500,8,https://img.pokemondb.net/sprites/scarlet-violet/icon/kleavor.png,bug,rock,0,0,0,0,0.5,1.0,1.0,0.5,1.0,2.0,1.0,1.0,2.0,1.0,2.0,1.0,1.0,1.0,1.0,1.0,1.0,1.0
basculegion,530,8,https://img.pokemondb.net/sprites/scarlet-violet/icon/basculegion-male.png,water,ghost,0,0,0,0,0.0,0.0,1.0,0.5,1.0,1.0,0.5,2.0,0.5,0.5,0.5,2.0,2.0,1.0,0.5,1.0,2.0,1.0
sneasler,510,8,https://img.pokemondb.net/sprites/scarlet-violet/icon/sneasler.png,fighting,poison,0,0,0,0,1.0,0.5,2.0,0.5,2.0,0.5,0.25,1.0,1.0,1.0,1.0,0.5,1.0,4.0,1.0,1.0,0.5,1.0
overqwil,510,8,https://img.pokemondb.net/sprites/scarlet-violet/icon/overqwil.png,dark,poison,0,0,0,0,1.0,1.0,1.0,0.5,2.0,1.0,1.0,0.5,1.0,1.0,1.0,0.5,1.0,0.0,1.0,1.0,0.5,1.0
meowscarada,530,9,https://img.pokemondb.net/sprites/scarlet-violet/icon/meowscarada.png,grass,dark,1,0,0,0,1.0,2.0,2.0,2.0,0.5,1.0,4.0,0.5,1.0,2.0,0.5,0.5,0.5,0.0,2.0,1.0,0.5,2.0
skeledirge,530,9,https://img.pokemondb.net/sprites/scarlet-violet/icon/skeledirge.png,fire,ghost,1,0,0,0,0.0,0.0,1.0,0.5,2.0,2.0,0.25,2.0,0.5,0.5,2.0,0.5,1.0,1.0,0.5,1.0,2.0,0.5
quaquaval,530,9,https://img.pokemondb.net/sprites/scarlet-violet/icon/quaquaval.png,water,fighting,1,0,0,0,1.0,1.0,2.0,1.0,1.0,0.5,0.5,1.0,0.5,0.5,0.5,2.0,2.0,2.0,0.5,1.0,0.5,2.0
maushold,470,9,https://img.pokemondb.net/sprites/scarlet-violet/icon/maushold-family4.png,normal,,0,0,0,0,1.0,2.0,1.0,1.0,1.0,1.0,1.0,0.0,1.0,1.0,1.0,1.0,1.0,1.0,1.0,1.0,1.0,1.0
garganacl,500,9,https://img.pokemondb.net/sprites/scarlet-violet/icon/garganacl.png,rock,,0,0,0,0,0.5,2.0,0.5,0.5,2.0,1.0,1.0,1.0,2.0,0.5,2.0,2.0,1.0,1.0,1.0,1.0,1.0,1.0
armarouge,525,9,https://img.pokemondb.net/sprites/scarlet-violet/icon/armarouge.png,fire,psychic,0,0,0,0,1.0,0.5,1.0,1.0,2.0,2.0,1.0,2.0,0.5,0.5,2.0,0.5,1.0,0.5,0.5,1.0,2.0,0.5
ceruledge,525,9,https://img.pokemondb.net/sprites/scarlet-violet/icon/ceruledge.png,fire,ghost,0,0,0,0,0.0,0.0,1.0,0.5,2.0,2.0,0.25,2.0,0.5,0.5,2.0,0.5,1.0,1.0,0.5,1.0,2.0,0.5
bellibolt,495,9,https://img.pokemondb.net/sprites/scarlet-violet/icon/bellibolt.png,electric,,0,0,0,0,1.0,1.0,0.5,1.0,2.0,1.0,1.0,1.0,0.5,1.0,1.0,1.0,0.5,1.0,1.0,1.0,1.0,1.0
scovillain,486,9,https://img.pokemondb.net/sprites/scarlet-violet/icon/scovillain.png,grass,fire,0,0,0,0,1.0,1.0,2.0,2.0,1.0,2.0,1.0,1.0,0.5,1.0,1.0,0.25,0.5,1.0,1.0,1.0,1.0,0.5
espathra,481,9,https://img.pokemondb.net/sprites/scarlet-violet/icon/espathra.png,psychic,,0,0,0,0,1.0,0.5,1.0,1.0,1.0,1.0,2.0,2.0,1.0,1.0,1.0,1.0,1.0,0.5,1.0,1.0,2.0,1.0
tinkaton,506,9,https://img.pokemondb.net/sprites/scarlet-violet/icon/tinkaton.png,fairy,steel,0,0,0,0,0.5,1.0,0.5,0.0,2.0,0.5,0.25,1.0,1.0,2.0,1.0,0.5,1.0,0.5,0.5,0.0,0.5,0.5
palafin,457,9,https://img.pokemondb.net/sprites/scarlet-violet/icon/palafin-zero.png,water,,0,0,0,0,1.0,1.0,1.0,1.0,1.0,1.0,1.0,1.0,0.5,0.5,0.5,2.0,2.0,1.0,0.5,1.0,1.0,1.0
orthworm,480,9,https://img.pokemondb.net/sprites/scarlet-violet/icon/orthworm.png,steel,,0,0,0,0,0.5,2.0,0.5,0.0,2.0,0.5,0.5,1.0,0.5,2.0,1.0,0.5,1.0,0.5,0.5,0.5,1.0,0.5
glimmora,525,9,https://img.pokemondb.net/sprites/scarlet-violet/icon/glimmora.png,rock,poison,0,0,0,0,0.5,1.0,0.5,0.25,4.0,1.0,0.5,1.0,2.0,0.5,2.0,1.0,1.0,2.0,1.0,1.0,1.0,0.5
houndstone,488,9,https://img.pokemondb.net/sprites/scarlet-violet/icon/houndstone.png,ghost,,0,0,0,0,0.0,0.0,1.0,0.5,1.0,1.0,0.5,2.0,1.0,1.0,1.0,1.0,1.0,1.0,1.0,1.0,2.0,1.0
annihilape,535,9,https://img.pokemondb.net/sprites/scarlet-violet/icon/annihilape.png,fighting,ghost,0,0,0,0,0.0,0.0,2.0,0.5,1.0,0.5,0.25,2.0,1.0,1.0,1.0,1.0,1.0,2.0,1.0,1.0,1.0,2.0
farigiraf,520,9,https://img.pokemondb.net/sprites/scarlet-violet/icon/farigiraf.png,normal,psychic,0,0,0,0,1.0,1.0,1.0,1.0,1.0,1.0,2.0,0.0,1.0,1.0,1.0,1.0,1.0,0.5,1.0,1.0,2.0,1.0
kingambit,550,9,https://img.pokemondb.net/sprites/scarlet-violet/icon/kingambit.png,dark,steel,0,0,0,0,0.5,4.0,0.5,0.0,2.0,0.5,1.0,0.5,0.5,2.0,1.0,0.5,1.0,0.0,0.5,0.5,0.5,1.0
gholdengo,550,9,https://img.pokemondb.net/sprites/scarlet-violet/icon/gholdengo.png,steel,ghost,0,0,0,0,0.0,0.0,0.5,0.0,2.0,0.5,0.25,2.0,0.5,2.0,1.0,0.5,1.0,0.5,0.5,0.5,2.0,0.5
sinistcha,508,9,https://img.pokemondb.net/sprites/scarlet-violet/icon/sinistcha.png,grass,ghost,0,0,0,0,0.0,0.0,2.0,1.0,0.5,1.0,1.0,2.0,1.0,2.0,0.5,0.5,0.5,1.0,2.0,1.0,2.0,1.0
archaludon,600,9,https://img.pokemondb.net/sprites/scarlet-violet/icon/archaludon.png,steel,dragon,0,0,0,0,0.5,2.0,0.5,0.0,2.0,0.5,0.5,1.0,0.5,1.0,0.5,0.25,0.5,0.5,1.0,1.0,1.0,1.0
hydrapple,540,9,https://img.pokemondb.net/sprites/scarlet-violet/icon/hydrapple.png,grass,dragon,0,0,0,0,1.0,1.0,2.0,2.0,0.5,1.0,2.0,1.0,1.0,1.0,0.25,0.25,0.25,1.0,4.0,2.0,1.0,2.0
